Epoch,Training Loss
0,0.759900775180833
1,0.7038078866566861
2,0.6930742939126753
3,0.6891886468255375
4,0.6871081344265932
5,0.6858551102182026
