Epoch,Training Loss
0,0.7349908013642238
1,0.7219253496303729
2,0.7212612176111634
3,0.7216891257857422
